time,temperature,humidity,pressure,altitude
2026-04-03 08:04:08.255420,22.96328125,35.95236283708039,990.1767723774944,314.9645451531494
2026-04-03 08:05:08.455519,22.96328125,35.806929198688266,990.1746489801236,314.93594466166365
2026-04-03 08:06:08.648681,22.9736328125,35.88260895213105,990.2055096612968,314.6679099884187
2026-04-03 08:17:17.967522,22.983984375,35.78350953413816,990.407376448062,312.82911238115275
2026-04-03 08:18:18.141195,22.983984375,36.050809080209085,990.4597813054638,313.1712190376224
2026-04-03 08:19:18.307557,22.983984375,35.99859813621983,990.4170879368332,312.87200606004194
2026-04-03 08:20:18.487829,22.9736328125,35.8533236553903,990.423021983836,312.6957369288288
2026-04-03 08:21:18.673978,22.983984375,35.85321529476033,990.4610407520656,312.67079359620385
2026-04-03 08:22:18.910765,22.983984375,35.829961871536604,990.4879662514664,312.5182161574339
2026-04-03 08:23:19.061069,22.983984375,35.85321529476033,990.4863981671604,312.3715905379342
2026-04-03 08:24:19.237806,22.994140625,35.84147784419115,990.5179646170584,312.4217859753812
2026-04-03 08:25:19.447911,23.0044921875,36.03913084052414,990.5044404314084,311.9832623283717
2026-04-03 08:26:19.630291,23.01484375,36.213521066277,990.5427694657436,311.9832623283717
2026-04-03 08:27:19.797880,23.01484375,36.47499370361281,990.5309356046888,312.0261539784811
2026-04-03 08:28:19.973848,23.01484375,36.352976479611264,990.55235947462,311.9021730113861
2026-04-03 08:29:20.403159,23.01484375,36.12035856639502,990.5381286810772,311.8545884127942
2026-04-03 08:30:20.425106,23.019921875,36.23065620255129,990.53671305308,312.03450332054706
2026-04-03 08:31:20.602716,23.01484375,36.39933186505716,990.567021179935,312.0355490340616
2026-04-03 08:32:20.780246,23.0251953125,36.60858678363533,990.53671305308,311.685418378444
2026-04-03 08:33:20.972807,23.0251953125,36.17843779223215,990.5045918126848,312.3633532075879
2026-04-03 08:34:21.146159,23.019921875,36.515586177229885,990.5416620762156,312.00695363274525
2026-04-03 08:35:21.334738,23.019921875,36.54455641617446,990.5230654102436,312.2632673861848
2026-04-03 08:36:21.547258,23.0251953125,36.53879014359826,990.5475617081288,311.8819296305298
2026-04-03 08:37:21.730168,23.0251953125,36.21326660983917,990.5467338956896,311.9211678887164
2026-04-03 08:38:21.909639,23.0251953125,36.27144756048754,990.5382808635858,312.07739620916703
2026-04-03 08:39:23.126145,23.0302734375,36.38184516220808,990.5999713780316,311.678112026948
2026-04-03 08:40:23.299915,23.0353515625,36.35263291258364,990.588136930514,311.4709583780648
2026-04-03 08:41:23.478422,23.045703125,36.375835296617474,990.6180147987866,311.4709583780648
2026-04-03 08:42:23.658817,23.0509765625,36.25951983746915,990.6683039121276,311.1182263448576
2026-04-03 08:43:23.832659,23.0560546875,36.410568578449855,990.6108208616316,311.2648497498061
2026-04-03 08:44:24.082878,23.0560546875,36.28863632031565,990.6061801548772,311.3373818495453
2026-04-03 08:45:24.257066,23.0611328125,36.51534903774927,990.6467560912456,311.15151632783164
2026-04-03 08:46:24.433885,23.0509765625,36.5850578312438,990.64113044818,311.2754939296911
2026-04-03 08:47:24.611883,23.045703125,36.38160021384895,990.6615411960712,311.12187813239166
2026-04-03 08:48:24.789464,23.06640625,36.23040243300191,990.6204107212324,311.2801921133289
2026-04-03 08:49:24.966221,23.0509765625,36.54432085568407,990.6277276327226,311.2848941519722
2026-04-03 08:50:25.147634,23.06640625,36.2826728496297,990.6039352427866,311.5126097891139
2026-04-03 08:51:25.316108,23.0611328125,36.451310991484654,990.64113044818,311.2801921133289
2026-04-03 08:52:25.551107,23.0560546875,36.24784310075541,990.6277276327226,311.0371391548233
2026-04-03 08:53:25.734358,23.06640625,36.48028069892322,990.63267698941,310.97400518005173
2026-04-03 08:54:25.902840,23.0765625,36.340907238884256,990.6309862978676,311.1133239367583
2026-04-03 08:55:26.083040,23.06640625,36.13733099287649,990.6491527072428,311.02753986391434
2026-04-03 08:56:26.266419,23.06640625,36.48028069892322,990.6338134675528,311.0561344782147
2026-04-03 08:57:26.439834,23.06640625,36.212961676379926,990.6198560634612,311.0990265433789
2026-04-03 08:58:26.613712,23.0765625,36.24768978211009,990.6734052748724,310.9846480861726
2026-04-03 08:59:26.811390,23.0765625,36.43372458179984,990.6676278602296,310.7489037349525
2026-04-03 09:00:27.054290,23.0765625,36.34061086091204,990.6763552591946,311.16457775554306
2026-04-03 09:01:27.230361,23.0765625,36.4279111473716,990.6632607084748,310.9597078601324
2026-04-03 09:02:27.433483,23.097265625,36.12549644888592,990.6848091340528,310.9358151557307
2026-04-03 09:03:27.607918,23.097265625,36.20107872881229,990.6814275838976,310.95376961651243
2026-04-03 09:04:27.790727,23.0921875,36.47427471712434,990.7148117552554,310.63922603056244
2026-04-03 09:05:28.014486,23.0869140625,36.25906664816608,990.7114301758078,310.84898419188966
2026-04-03 09:06:28.195518,23.097265625,36.189450794376334,990.6898814598144,310.6868211694208
2026-04-03 09:07:28.391645,23.10234375,36.21841820795606,990.7430011895648,310.22931035290674
2026-04-03 09:08:28.561777,23.097265625,36.270694749245685,990.7586497780944,310.3150921364401
2026-04-03 09:09:28.750368,23.1126953125,36.08453486331155,990.7580957916838,310.2911987245016
2026-04-03 09:10:28.938642,23.1126953125,36.18343044681218,990.766549956635,310.23766569029664
2026-04-03 09:11:29.128118,23.11796875,36.31710664671089,990.6972258561136,310.5914445747342
2026-04-03 09:12:29.297990,23.11796875,36.47994474978962,990.701866458534,310.6988483016844
2026-04-03 09:13:29.475897,23.11796875,36.44496489201953,990.6838225931814,310.8488048866269
2026-04-03 09:14:29.911856,23.11796875,36.39259067842896,990.6883397099018,310.87740086010115
2026-04-03 09:15:30.141973,23.11796875,36.56124189147624,990.6929801723286,310.6416564825799
2026-04-03 09:16:30.313797,23.1076171875,36.36366769264061,990.6494503327416,311.0706025997896
2026-04-03 09:17:30.520562,23.123046875,36.36938272379899,990.6624208725032,311.2183119278279
2026-04-03 09:18:30.743573,23.123046875,36.15996767237062,990.5898380336564,311.3147374191844
2026-04-03 09:19:30.914328,23.128125,36.35760662481267,990.6083130840364,311.5768527049626
2026-04-03 09:20:31.095990,23.128125,36.21816311223067,990.6281706940484,311.5435228520936
2026-04-03 09:21:31.274178,23.128125,36.06101245181291,990.6348098811728,311.51965478446834
2026-04-03 09:22:31.488591,23.128125,36.10182152290336,990.6505847876012,311.4280708733315
2026-04-03 09:23:31.691243,23.128125,36.18893717705245,990.6445223619044,311.2193707333305
2026-04-03 09:24:31.872781,23.1333984375,36.04943492030011,990.6026828761792,311.34806286308043
2026-04-03 09:25:32.044326,23.1333984375,36.48547156184048,990.62254054476,311.33376366088805
2026-04-03 09:26:32.220433,23.1591796875,36.35745860266187,990.653409737814,311.09907663298065
2026-04-03 09:27:32.410502,23.1435546875,36.24708319900037,990.6491621240044,311.2802360232872
2026-04-03 09:28:32.595590,23.1435546875,36.15975987520826,990.672835053731,310.93115623630405
2026-04-03 09:29:32.781987,23.148828125,36.15970887936648,990.6715769224554,310.8619007407853
2026-04-03 09:30:32.962045,23.1435546875,36.29931310349709,990.698074767826,311.3744378672118
2026-04-03 09:31:33.144148,23.148828125,36.26442532984607,990.6529769101356,311.2553072867264
2026-04-03 09:32:33.395910,23.1591796875,36.24101446069765,990.710736774263,310.7463290279049
2026-04-03 09:33:33.572045,23.148828125,36.1190043176637,990.6794744429972,310.9417863486083
2026-04-03 09:34:33.753139,23.148828125,36.26432380297439,990.7039729095223,310.5641116355599
2026-04-03 09:35:33.960284,23.15390625,36.49109325548381,990.7348429325268,310.4878930244705
2026-04-03 09:36:34.139817,23.1642578125,36.04906509430879,990.7251298010032,310.2389091354617
2026-04-03 09:37:34.303658,23.1591796875,36.33991528996592,990.7614657958136,310.2744731158525
2026-04-03 09:38:34.476975,23.1693359375,36.24106454802667,990.7173763089048,310.5820792939623
2026-04-03 09:39:34.667830,23.1693359375,36.15955386586582,990.7473812276506,310.5677803169537
2026-04-03 09:40:34.888624,23.1693359375,36.136240090705655,990.7812011449668,310.13987731333964
2026-04-03 09:41:35.012771,23.1693359375,36.194288467558046,990.7738803170888,310.0254898346193
2026-04-03 09:42:35.200659,23.1796875,36.30462626651404,990.7796541841432,310.19116935274565
2026-04-03 09:43:35.394011,23.1900390625,36.136032792413175,990.799822524508,310.2377368363696
2026-04-03 09:44:35.636473,23.1951171875,36.07782346126947,990.7862938926708,310.110107598808
2026-04-03 09:45:36.006012,23.200390625,36.18255632764369,990.8023384151882,309.8813253068168
2026-04-03 09:46:36.174530,23.1951171875,36.22321160396808,990.7761474217576,310.1746487846657
2026-04-03 09:47:36.388443,23.1900390625,36.34533287157329,990.7390686562248,310.03861260550394
2026-04-03 09:48:36.581466,23.200390625,35.9615085009041,990.824322801186,309.623951092818
2026-04-03 09:49:36.782540,23.200390625,35.97895599691061,990.8091028403784,309.752637423656
2026-04-03 09:50:37.010205,23.20546875,36.12434833880423,990.8027716052944,310.00895368903554
2026-04-03 09:51:37.207708,23.200390625,36.10679817207623,990.832653833066,309.5132310585016
2026-04-03 09:55:24.117555,23.2208984375,36.25208634258507,990.859278821902,309.27382716448705
2026-04-03 09:56:24.292934,23.210546875,36.39737506372831,990.8360360758708,309.2832812992568
2026-04-03 09:57:24.467815,23.2208984375,36.118270849215904,990.8402431110708,309.67891471830785
2026-04-03 09:58:24.653298,23.2208984375,36.3335040689738,990.8005225405052,310.0136853903582
2026-04-03 09:59:24.837868,23.2208984375,36.25208634258507,990.8378516600372,309.64664646419124
2026-04-03 10:00:25.011869,23.226171875,36.25785001878226,990.8633613524572,309.79697931208307
2026-04-03 10:01:25.184765,23.226171875,36.216986565234166,990.8401183325738,309.58249350596907
2026-04-03 10:02:25.361030,23.2208984375,36.37416164551541,990.8220738505526,310.0697347480086
2026-04-03 10:03:25.535838,23.200390625,36.41521267743117,990.7806444119348,310.1530048247766
2026-04-03 10:04:25.712721,23.1900390625,36.403582776160434,990.7733230191312,310.0338823442617
2026-04-03 10:05:25.901191,23.1693359375,36.647987803216544,990.795285178804,309.9349808200843
2026-04-03 10:06:26.072081,23.148828125,36.52612356473192,990.7624541272892,309.9588610420504
2026-04-03 10:07:26.256461,23.1384765625,36.60170661621907,990.748100049474,310.231732053297
2026-04-03 10:08:26.427638,23.1384765625,36.6949555567737,990.7606145041736,310.24602966078646
2026-04-03 10:09:26.602872,23.128125,36.299563749350085,990.7809048257452,310.2472611668379
2026-04-03 10:10:26.792417,23.11796875,36.43333697478425,990.768240789837,309.8945369266152
2026-04-03 10:11:26.967602,23.1076171875,36.7764333644044,990.7513324609928,310.5830832180718
2026-04-03 10:12:27.138899,23.097265625,36.79400569943903,990.6966445618178,310.6069775127322
2026-04-03 10:13:27.317761,23.0765625,36.75917312775268,990.7208691303364,310.30674329975545
2026-04-03 10:14:27.499430,23.0869140625,36.66044082202395,990.6938171497756,310.7060123979713
2026-04-03 10:15:27.667078,23.071484375,36.74768120141371,990.7242506291764,310.6165779305097
2026-04-03 10:16:27.851904,23.06640625,36.99766490704793,990.7049460324145,310.51284991266056
2026-04-03 10:17:28.032102,23.0560546875,36.93377220658942,990.7273558283875,310.3651980282148
2026-04-03 10:18:28.204678,23.045703125,36.95706333633876,990.702548070108,310.56065995265936
2026-04-03 10:19:28.384787,23.0509765625,36.74785930113678,990.725665132894,310.492825778483
2026-04-03 10:20:28.564731,23.040625,36.6607616669816,990.7200066839235,310.31762731164883
2026-04-03 10:21:28.735642,23.040625,36.79449340326863,990.7157949081532,310.6487603567448
2026-04-03 10:22:28.914661,23.0251953125,36.75975295446566,990.753538938093,310.37247050572046
2026-04-03 10:23:29.096311,23.01484375,36.660990268389945,990.7452068554152,310.34285029402275
2026-04-03 10:24:29.263995,22.994140625,36.81809307442931,990.7274694062704,310.0486575216142
2026-04-03 10:25:29.448151,22.983984375,36.911035242163074,990.7783060707798,310.11649633039025
2026-04-03 10:26:29.627455,22.9736328125,36.72523898683613,990.7256164271056,310.2797407211435
2026-04-03 10:27:29.796882,22.96328125,36.86480265060925,990.7261651569992,310.47157619405965
2026-04-03 10:28:29.981886,22.96328125,36.66725821266806,990.7255708545412,310.48020245768845
2026-04-03 10:29:30.160943,22.942578125,36.655816576672535,990.7323324397222,310.2372107462565
2026-04-03 10:30:30.331035,22.932421875,36.73721951289034,990.739949816882,310.3157216551422
2026-04-03 10:31:30.471415,22.9220703125,36.621040940214286,990.7282364337864,310.3157216551422
2026-04-03 10:32:30.651208,22.9169921875,36.59193905512839,990.7224493385309,310.46830992625706
2026-04-03 10:33:30.818518,22.91171875,36.48171109706316,990.7304734447804,310.3074627855484
2026-04-03 10:34:30.998116,22.906640625,36.58054858832099,990.7128537262996,310.30645133581146
2026-04-03 10:35:31.170597,22.906640625,36.49342882227439,990.735254565416,310.27424599478564
2026-04-03 10:36:31.346098,22.8912109375,36.55163321280396,990.7593452186584,310.4840083301968
2026-04-03 10:37:31.519812,22.8859375,36.50528730894125,990.7548191453212,310.09449527921043
2026-04-03 10:38:31.695890,22.87578125,36.51105159791323,990.7848170021952,309.9326672210254
2026-04-03 10:39:31.871889,22.87578125,36.57492236697656,990.795384795852,309.8565983018241
2026-04-03 10:40:32.049393,22.880859375,36.56339430492555,990.7987652685628,309.9326672210254
2026-04-03 10:41:32.221777,22.86015625,36.59830347725134,990.7734117301056,309.8469174680212
2026-04-03 10:42:32.393831,22.8705078125,36.70874753985135,990.7384613331192,310.17562859765707
2026-04-03 10:43:32.568016,22.86015625,36.59835066243791,990.7469123670426,310.2138880397951
2026-04-03 10:44:32.745842,22.880859375,36.71455780316228,990.7718392210396,309.8459164878665
2026-04-03 10:45:32.921933,22.8705078125,36.79598844088408,990.7367711265464,310.5379868979624
2026-04-03 10:46:33.098923,22.86015625,36.7495082460142,990.775645895568,310.0627517053551
2026-04-03 10:47:33.275879,22.8654296875,36.9237624199524,990.7795697323626,310.14849974371657
2026-04-03 10:48:33.449698,22.855078125,36.95866415078672,990.7626679256708,310.2521500833679
2026-04-03 10:49:33.667240,22.8396484375,36.97609323239415,990.7187232612728,310.4236512530753
2026-04-03 10:50:33.839481,22.855078125,36.98202752016792,990.7416651288388,310.2449308513732
2026-04-03 10:51:34.018694,22.8447265625,36.90646013464912,990.757302096698,309.85906967589983
2026-04-03 10:52:34.190860,22.834375,36.999496669818,990.7895311891946,309.7820242832961
2026-04-03 10:53:34.371518,22.829296875,36.99368729340858,990.7979817572811,309.76872660928564
2026-04-03 10:54:34.567899,22.8396484375,37.022734076811176,990.805708550392,309.69268112827444
2026-04-03 10:55:34.743709,22.8189453125,36.86605093817114,990.7690683186722,310.0596377914802
2026-04-03 10:56:34.925484,22.8189453125,36.88920252241544,990.8395100329228,309.55948298317395
2026-04-03 10:57:35.166528,22.8138671875,36.9358036283878,990.8113194554976,309.50232392669426
2026-04-03 10:58:35.341614,22.8138671875,36.866135458324514,990.8066738690478,309.5941732471226
2026-04-03 10:59:35.516911,22.8087890625,37.04040686553281,990.8121683678085,309.76205286187417
2026-04-03 11:00:35.692395,22.7984375,37.0694512370478,990.8037182706714,310.00497910726835
2026-04-03 11:01:36.108404,22.7931640625,37.12181063151579,990.778908313314,309.88967397690953
2026-04-03 11:02:36.254013,22.7880859375,37.09861713905838,990.7991882093716,309.7610677239276
2026-04-03 11:03:36.431389,22.7931640625,37.00567833985911,990.7991882093716,310.01109065863216
2026-04-03 11:04:36.610340,22.7880859375,37.0347622722283,990.801302357128,309.8003420383405
2026-04-03 11:05:36.784664,22.7830078125,37.05795672507397,990.7776426656476,310.210160975823
2026-04-03 11:06:36.959107,22.7830078125,36.98837602390763,990.8006905544804,310.0626878206384
2026-04-03 11:07:37.140305,22.77265625,37.08716014464841,990.8187411605224,310.00651310569384
2026-04-03 11:08:37.310475,22.77265625,37.24401979079303,990.8070265860584,309.7350185494968
2026-04-03 11:09:37.489830,22.7623046875,37.2264419610317,990.8250772256824,309.6635737620087
2026-04-03 11:10:37.662809,22.7830078125,37.18593914760095,990.8288808730885,309.3528101268395
2026-04-03 11:11:37.838763,22.77265625,37.29625427009141,990.8277293447684,309.5732740535064
2026-04-03 11:12:38.014491,22.7623046875,37.23817385057188,990.8197031795322,309.64471708214575
2026-04-03 11:13:38.191107,22.7572265625,37.081391504818974,990.8091401745068,309.67688297752994
2026-04-03 11:14:38.365248,22.7673828125,37.03492486023426,990.8019567739168,309.9840600812465
2026-04-03 11:15:38.541525,22.7623046875,37.27890658841469,990.8163233572149,309.8697487348682
2026-04-03 11:16:38.718115,22.746875,37.18013102904485,990.8012289599418,309.7697273115559
2026-04-03 11:17:38.892221,22.7572265625,37.15113069005794,990.8151714076514,309.89734775125174
2026-04-03 11:18:39.069278,22.7623046875,37.21505740019326,990.8395588211938,309.6125526838786
2026-04-03 11:19:39.241538,22.7572265625,37.249904796661895,990.8382922073192,309.80802865763985
2026-04-03 11:20:39.405869,22.7572265625,37.22663520686575,990.8349123834508,309.4258290548185
2026-04-03 11:21:39.581775,22.7572265625,37.30221381278305,990.806721989835,309.9259253117644
2026-04-03 11:22:39.752261,22.7623046875,37.174363026574106,990.7915130422062,309.82231719545723
2026-04-03 11:23:39.926911,22.751953125,37.25575180007641,990.7526457575387,310.3367173031136
2026-04-03 11:24:40.105600,22.7623046875,37.09308871701745,990.7560255199428,310.18410788483686
2026-04-03 11:25:40.280058,22.751953125,37.14536154229005,990.7340570693578,310.6510851354869
2026-04-03 11:26:40.454089,22.751953125,37.33121400791062,990.7340570693578,310.05452528143394
2026-04-03 11:27:40.626420,22.751953125,37.37183151674194,990.7487269700756,310.5750632776203
2026-04-03 11:28:40.820055,22.751953125,37.162825881435246,990.7268735799436,310.6510851354869
2026-04-03 11:29:40.993317,22.7572265625,37.302175225761125,990.6884303254374,310.7368234248699
2026-04-03 11:30:41.172437,22.7572265625,37.40090607926824,990.7201140067108,310.59752002273746
2026-04-03 11:31:41.348508,22.751953125,37.27309869657556,990.683360690396,310.8797221051654
2026-04-03 11:32:41.816775,22.7572265625,37.1976335688382,990.681246482509,310.85473770505314
2026-04-03 11:33:41.914017,22.741796875,37.37767554658843,990.6985695974234,310.7225336621206
2026-04-03 11:34:42.088943,22.7572265625,37.29633020476596,990.6749113000702,310.7082439185116
2026-04-03 11:35:42.358217,22.746875,37.34282945174485,990.6953052861966,310.8833178303739
2026-04-03 11:36:42.540529,22.751953125,37.25001948278749,990.666577594242,310.9511721631312
2026-04-03 11:37:42.713037,22.746875,37.400943494415245,990.6344701979284,311.4324572201098
2026-04-03 11:38:42.888126,22.7314453125,37.220981018926665,990.6619322681024,310.8751433189482
2026-04-03 11:39:43.064251,22.746875,37.3661344667767,990.6309744987828,311.3242471219179
2026-04-03 11:40:43.237010,22.751953125,37.36025254354022,990.6653119683376,310.9690586657447
2026-04-03 11:41:43.412510,22.746875,37.31386623173515,990.638274374352,311.2323924697278
2026-04-03 11:42:43.594457,22.746875,37.43585981431076,990.646723620534,310.9511721631312
2026-04-03 11:43:43.765822,22.746875,37.38940067800065,990.6501033195002,310.9608820240406
2026-04-03 11:44:43.976709,22.746875,37.4590538014499,990.6484134699818,310.8036949244255
2026-04-03 11:45:44.372530,22.751953125,37.43001678052378,990.6371931778737,311.1798155645828
2026-04-03 11:46:44.542104,22.751953125,37.453210995711245,990.6405729852472,311.40486472148496
2026-04-03 11:47:44.826406,22.7572265625,37.458946344361365,990.5921073681332,311.56566241731406
2026-04-03 11:48:45.007786,22.746875,37.66233906703032,990.587154081321,311.7325613810358
2026-04-03 11:49:45.176491,22.746875,37.528741645918224,990.5904174937336,311.5799533095108
2026-04-03 11:50:45.352790,22.7623046875,37.44740353500949,990.5988668664374,311.41206396045703
2026-04-03 11:51:45.571349,22.751953125,37.68546730035255,990.6123858664288,311.66110724360914
2026-04-03 11:52:45.751227,22.746875,37.59258709438473,990.6027875596296,311.58965358480003
2026-04-03 11:53:45.920358,22.746875,37.75518536434805,990.6174554925884,311.6039442782766
2026-04-03 11:54:46.097037,22.741796875,37.48224815131158,990.6074324102432,311.50489906823947
2026-04-03 11:55:46.274568,22.746875,37.4880905758676,990.5735187536128,311.7943189898686
2026-04-03 11:56:46.450823,22.751953125,37.41259444964408,990.544907595334,311.8086101883918
2026-04-03 11:57:46.629239,22.751953125,37.66808010970106,990.540263247418,311.775434093229
2026-04-03 11:58:46.805402,22.7572265625,37.5402859621197,990.5832328914072,311.7800278104954
2026-04-03 11:59:46.982406,22.751953125,37.66804586517088,990.5567366069696,311.9765021956463
2026-04-03 12:00:47.169794,22.751953125,37.37763924094372,990.5832328914072,311.8086101883918
2026-04-03 12:01:47.347979,22.746875,37.36606022108375,990.5436429375028,311.7657366502624
2026-04-03 12:02:47.515580,22.7623046875,37.365985931657946,990.5278921904962,311.89435778158304
2026-04-03 12:03:47.695087,22.7623046875,37.36594947179948,990.6005567411896,311.48451005576646
2026-04-03 12:04:47.909584,22.7572265625,37.18013102904485,990.5612643604156,311.5559653189297
2026-04-03 12:05:48.084793,22.7572265625,37.14536154229005,990.5624119953115,311.98831367751205
2026-04-03 12:06:48.260476,22.7623046875,37.37763924094372,990.5712869904482,312.0551689000443
2026-04-03 12:07:48.438005,22.7673828125,37.31959852463321,990.5653662462888,311.902563264317
2026-04-03 12:08:48.607633,22.7673828125,37.226595701378585,990.5273495917296,312.1598165718482
2026-04-03 12:09:48.784311,22.7880859375,37.04061111492628,990.5614434592196,312.0108220696329
2026-04-03 12:10:48.939642,22.7830078125,37.22063364340805,990.4960792819058,312.06799089187865
2026-04-03 12:11:49.118725,22.7673828125,37.49952797249423,990.5197382320304,312.3134205363853
2026-04-03 12:12:49.294112,22.7673828125,37.31364113583423,990.5353733821004,312.22059438221333
2026-04-03 12:13:49.467587,22.7673828125,37.35429710031904,990.4908918218104,312.1537446997011
2026-04-03 12:14:49.697366,22.777734375,37.19740027429179,990.5377841025294,311.78314896914065
2026-04-03 12:15:49.875360,22.7830078125,37.33098999182739,990.5714659390156,311.992920324107
2026-04-03 12:16:50.048496,22.7880859375,37.267023188058445,990.5710399640312,311.7295904582308
2026-04-03 12:17:50.227192,22.7931640625,37.33679812206992,990.579489876132,311.724982553995
2026-04-03 12:18:50.413886,22.7984375,37.24378959324181,990.5706138770236,311.9107773679256
2026-04-03 12:19:50.583311,22.7984375,37.47611844031928,990.5823263536944,311.4187782283572
2026-04-03 12:20:50.765958,22.7984375,37.31918557705622,990.5554039193074,311.94758490808624
2026-04-03 12:21:50.948486,22.8087890625,37.295914178115616,990.5637362477872,311.6806449755081
2026-04-03 12:22:51.130933,22.8189453125,37.57478382935206,990.5454380795256,312.0951297247702
2026-04-03 12:23:51.308319,22.8189453125,37.58633173626075,990.527392662903,312.11766431642417
2026-04-03 13:58:40.283343,22.834375,36.18037944147128,990.1020915384864,315.7677505979712
2026-04-03 13:59:40.467204,22.82421875,36.02929980655564,990.1413934589845,315.60682109504705
2026-04-03 14:00:40.709034,22.8189453125,36.3257408116236,990.1043341517995,315.6057825715498
2026-04-03 14:01:40.888284,22.82421875,36.41274732511386,990.1312531025568,315.4997341541311
2026-04-03 14:02:41.091187,22.829296875,36.20372349252831,990.0974519327968,315.79634734095526
2026-04-03 14:03:41.346329,22.829296875,36.139704811103314,990.133064912743,315.4102977793799
2026-04-03 14:04:41.542142,22.829296875,36.377935056627386,990.1354625674498,315.7641005109203
2026-04-03 14:05:41.728960,22.829296875,36.08154412262411,990.116871624016,315.8571928025126
2026-04-03 14:06:41.962125,22.829296875,36.42432055283181,990.0429390837432,316.10131700120684
2026-04-03 14:07:42.113985,22.834375,36.47080302163239,990.1134914533992,315.85354105692545
2026-04-03 14:08:42.297748,22.829296875,36.43022728136857,990.064479011149,316.21466343067004
2026-04-03 14:09:42.496669,22.829296875,36.34878519453324,990.026038398252,316.0144784029411
2026-04-03 14:10:42.678936,22.8396484375,36.20933092247336,990.0564596372128,316.0251240449209
2026-04-03 14:11:42.872025,22.829296875,36.44760895577405,990.0074476523552,316.36829830160417
2026-04-03 14:12:43.056722,22.82421875,36.30821084744279,990.0450601754034,316.0251240449209
2026-04-03 14:13:43.274391,22.829296875,36.38379314203279,990.068843239942,316.0144784029411
2026-04-03 14:14:43.453207,22.834375,36.31983164761347,990.103228612874,315.914387297954
2026-04-03 14:15:43.637739,22.829296875,36.267437559676566,990.0880177272696,316.00017961615305
2026-04-03 14:16:43.823827,22.829296875,35.994327787681016,990.0508355865022,316.2300090515809
2026-04-03 14:17:44.016022,22.834375,36.1104434991443,990.0254841464546,316.3587026546814
2026-04-03 14:18:44.222479,22.8447265625,36.15703410557987,990.048714169515,316.34335578963453
2026-04-03 14:19:44.415214,22.85,36.203470314670845,990.0094099217564,316.349110405713
2026-04-03 14:20:44.664644,22.85,36.00573925999394,989.9806778649216,316.47082978888983
2026-04-03 14:21:56.003789,22.855078125,36.12767138636676,989.9767417018568,316.6900519511491
2026-04-03 14:22:52.155644,22.86015625,35.982598756502654,989.9784318494196,316.7674697001821
2026-04-03 14:23:52.443424,22.8447265625,35.98830523584065,989.901242284428,317.31089372000304
2026-04-03 14:24:52.603170,22.855078125,35.78501112647987,989.9220997665784,317.5004782913201
2026-04-03 14:25:52.794334,22.8705078125,35.77327830424964,989.91927672667,317.22981544607154
2026-04-03 14:26:52.999456,22.86015625,35.76757637632827,989.8718278971068,317.8447812780184
2026-04-03 14:27:53.261246,22.8654296875,35.65111532175921,989.8650672694356,317.9830617308205
2026-04-03 14:28:53.399608,22.855078125,35.63385058681365,989.880278683282,317.4718756018149
2026-04-03 14:29:53.610976,22.86015625,35.575614776958986,989.9119587325528,317.557683900436
2026-04-03 14:30:53.823872,22.86015625,35.32568425417765,989.882093550868,317.719738249775
2026-04-03 14:31:53.985180,22.85,35.63385058681365,989.8651921186035,317.3574656108332
2026-04-03 14:32:54.182814,22.85,35.32011637937733,989.8577322081712,317.7352001916765
2026-04-03 14:33:54.378703,22.85,35.39561388939265,989.9074457124856,317.3787308395713
2026-04-03 14:34:54.581929,22.855078125,35.62222678403973,989.9023752788928,317.5004782913201
2026-04-03 14:35:54.776430,22.85,35.511680798173586,989.890544269644,317.22875583788743
2026-04-03 14:36:55.007149,22.8705078125,35.58136984554284,989.891676672117,317.1476780339312
2026-04-03 14:37:55.246737,22.87578125,35.45925113691998,989.8578732606228,317.8008111621788
2026-04-03 14:38:55.459662,22.8705078125,35.13361360394305,989.8725262955523,317.799667456569
2026-04-03 14:39:55.688414,22.880859375,35.26725028510738,989.847173336755,318.0105258080007
2026-04-03 14:40:55.870554,22.8705078125,35.098924739050226,989.8635019757652,317.47071869913566
2026-04-03 14:41:56.068427,22.87578125,35.104610295166935,989.8489888509404,317.6529690547402
2026-04-03 14:42:56.414227,22.880859375,34.97671912005793,989.8511125817088,317.8092252723576
2026-04-03 14:43:56.608150,22.8705078125,35.20924497748647,989.8353419614128,318.0809690567746
2026-04-03 14:44:56.795400,22.880859375,34.90107995718329,989.7892724336627,318.07248674928604
2026-04-03 14:45:56.999796,22.880859375,35.162614940000594,989.8066086356818,317.8865516584156
2026-04-03 14:46:57.193073,22.8912109375,34.7266693622836,989.7975975092022,318.4242342599361
2026-04-03 14:47:57.381460,22.8912109375,35.04628647616319,989.8099890258864,318.12494650066327
2026-04-03 14:48:57.585780,22.880859375,35.02322555442739,989.839419000288,318.05711269145934
2026-04-03 14:49:57.770239,22.8912109375,35.11004364560171,989.807738842214,318.1656690060399
2026-04-03 14:50:57.956365,22.9013671875,34.743974914652966,989.8191361602252,318.2584250815937
2026-04-03 14:51:58.150010,22.8962890625,34.76128114757902,989.8140654517962,318.2621079183699
2026-04-03 14:52:58.370338,22.8912109375,34.81367559977697,989.795038319942,318.05231824468115
2026-04-03 14:53:58.522014,22.8962890625,35.02283972411556,989.8203920574222,317.73765377860406
2026-04-03 14:54:58.744174,22.91171875,34.82516928232921,989.8232119341234,318.1656690060399
2026-04-03 14:55:58.980208,22.8912109375,34.7730444933972,989.7840757358024,318.4014567737818
2026-04-03 14:56:59.152867,22.8962890625,34.703073016776614,989.7678678074122,318.49572484055125
2026-04-03 14:57:59.350683,22.91171875,35.00552854733792,989.7510918792316,318.2324073264368
2026-04-03 14:58:59.526286,22.9169921875,34.66804979264821,989.7188502561486,319.0106717638622
2026-04-03 14:59:59.715864,22.9013671875,34.71476846113655,989.6885527957992,319.0811115287995
2026-04-03 15:00:59.894564,22.906640625,34.62167308883437,989.6609456562264,319.4016804886344
2026-04-03 15:02:00.094705,22.9013671875,34.72619336151664,989.67741256259,319.2861534292064
2026-04-03 15:03:00.231006,22.91171875,34.621395321493125,989.7060200208936,319.14788515062355
2026-04-03 15:04:00.421053,22.9220703125,34.77270750610764,989.6400983930564,319.7010038680928
2026-04-03 15:05:00.592193,22.906640625,34.72619336151664,989.6384080963172,319.4912095946888
2026-04-03 15:06:00.778305,22.9169921875,34.493401656693585,989.6430426927222,319.6199591105567
2026-04-03 15:07:00.972506,22.9220703125,34.6679119713288,989.6057274466658,319.724891907676
2026-04-03 15:08:01.167389,22.9220703125,34.691102698878915,989.604165574698,319.85364632404884
2026-04-03 15:09:01.367307,22.9271484375,34.83666342370303,989.5674156969596,320.15298306676993
2026-04-03 15:10:01.580156,22.9271484375,34.70273181667212,989.5972758343391,319.80012496469607
2026-04-03 15:11:01.772249,22.9271484375,34.58664713839034,989.57586716655,320.16838588569453
2026-04-03 15:12:01.957075,22.9375,34.59806833542717,989.6040371240596,319.65706418245406
2026-04-03 15:13:37.613206,22.9271484375,34.754993155219026,989.6285186045188,320.16838588569453
2026-04-03 15:14:37.924851,22.9271484375,34.58636765711032,989.5845695185036,320.200705364225
2026-04-03 15:15:37.986394,22.9271484375,34.70840942288647,989.5545805836886,320.11857201145534
2026-04-03 15:16:38.199110,22.932421875,34.714360894990165,989.5592142982604,320.3331748908884
2026-04-03 15:17:38.367721,22.958203125,34.690827966197354,989.5552668801027,320.3963179050444
2026-04-03 15:18:38.766357,22.942578125,34.64430893182514,989.5675369507338,320.36288978317015
2026-04-03 15:19:38.834398,22.9529296875,34.36525532309804,989.5455622540372,320.4810591220723
2026-04-03 15:20:39.017569,22.96328125,34.81875205371645,989.5641562273892,319.9384897780336
2026-04-03 15:21:39.202278,22.9529296875,34.783797789680825,989.5957068124884,320.06725195232445
2026-04-03 15:22:39.388554,22.96328125,34.568714153754776,989.6058491550772,320.07096187884144
2026-04-03 15:23:39.616216,22.9529296875,34.888594463722825,989.590764762761,320.20441264504706
2026-04-03 15:24:39.789847,22.958203125,35.05701682589883,989.5703509671256,320.4238295475232
2026-04-03 15:25:39.971366,22.968359375,35.022064448498405,989.5276532799912,320.5287993200844
2026-04-03 15:26:40.200935,22.96328125,34.62665704145349,989.561023484816,320.4037441517581
2026-04-03 15:27:40.367424,22.968359375,34.69076055219646,989.5078066164192,320.9294232045061
2026-04-03 15:28:40.530655,22.96328125,34.67899299532878,989.4763723996288,320.9771771216828
2026-04-03 15:29:40.714884,22.9736328125,34.67311028336215,989.452706443448,321.3672386754744
2026-04-03 15:30:40.905614,22.9890625,34.667157079679086,989.4399953576852,321.1680260038152
2026-04-03 15:31:41.108081,22.9890625,34.899760515774084,989.4421249080422,321.0392453592309
2026-04-03 15:32:41.296872,22.9736328125,34.667295140501764,989.4983479427478,321.0106276493884
2026-04-03 15:33:41.518751,22.968359375,34.76040289000115,989.4188979586012,321.8128481428127
2026-04-03 15:34:41.702223,22.983984375,34.55084943898369,989.430291844474,321.2681898024881
2026-04-03 15:35:41.896449,22.9890625,34.60907215117267,989.4399953576852,321.25388063079424
2026-04-03 15:36:42.108680,22.9890625,34.77764568110464,989.434924004391,321.5638442075885
2026-04-03 15:37:42.302831,22.983984375,34.77183058039564,989.428162200986,321.21095323090816
2026-04-03 15:38:42.485302,22.9890625,35.00442690931316,989.4286014071037,321.46740352108384
2026-04-03 15:39:42.675062,22.983984375,34.946343850117664,989.4180194979951,321.653426444554
2026-04-03 15:40:42.856457,22.9890625,35.03350033993137,989.36311402029,321.8405724138008
2026-04-03 15:41:43.041149,22.994140625,34.78920950510334,989.3790076288726,321.8119525536194
2026-04-03 15:42:52.037066,22.9890625,35.12647116727362,989.410686864513,321.53321244628927
2026-04-03 15:43:53.198611,22.9890625,35.27170829830582,989.4151870901388,321.6620010964622
2026-04-03 15:44:53.366729,22.9890625,35.31253235241229,989.417888286581,321.4112825753499
2026-04-03 15:45:53.541870,22.983984375,35.11490463280874,989.419578750806,321.5973060503858
2026-04-03 15:46:53.713486,22.994140625,35.32997507027552,989.365483930591,322.18401672682194
2026-04-03 15:47:53.890062,22.9994140625,35.28327413019539,989.4105553680286,321.7621711218489
2026-04-03 15:48:54.163387,22.994140625,35.37648855024003,989.3823885541484,322.04091358560083
2026-04-03 15:49:54.332805,23.0044921875,35.35310975231552,989.3633535282509,321.86234208811135
2026-04-03 15:50:54.514362,23.01484375,35.48671744715165,989.370793778245,321.9567940764496
2026-04-03 15:51:54.697230,23.0251953125,35.294718939387614,989.3752928120384,321.6193254774772
2026-04-03 15:52:54.869879,23.0251953125,35.66689743369334,989.3381008654468,322.17258462361985
2026-04-03 16:00:06.494568,23.06640625,35.77104214171135,989.298301407674,322.5133044391597
2026-04-03 16:19:37.531669,23.1333984375,36.06117070228093,989.2805605658582,322.72084355032433
2026-04-03 16:20:37.708409,23.1333984375,35.93308294576146,989.3448119758228,322.3916186091428
2026-04-03 16:21:37.883108,23.1333984375,36.090086672806414,989.3674627213702,322.03377693940587
2026-04-03 16:22:38.061768,23.1435546875,36.13068556981409,989.4055473791436,321.70457320750194
2026-04-03 16:23:38.237356,23.1384765625,36.043515497694045,989.3995892557724,321.82398096789086
2026-04-03 16:24:38.412092,23.148828125,35.99112546631893,989.4332721332372,321.39948832389393
2026-04-03 16:25:38.590823,23.15390625,35.93292015718942,989.380854694416,321.6571261124392
2026-04-03 16:26:38.767947,23.174609375,36.01998850904896,989.424909410204,321.50270232735784
2026-04-03 16:27:38.943581,23.1591796875,36.17710078193352,989.414672389118,321.4902721796826
2026-04-03 16:28:39.121626,23.1642578125,36.05498481835435,989.4104045382774,321.15541696369274
2026-04-03 16:29:39.298523,23.1591796875,36.47941705421516,989.4434174518112,321.1467563392516
2026-04-03 16:36:49.738316,20.50546875,42.68726143824178,990.5837747954788,311.4944397215202
2026-04-03 16:37:49.929713,20.319921875,42.72658759121955,990.5424449585648,311.79726250841185
2026-04-03 16:38:50.107055,20.1189453125,43.52076432001468,990.5828891772996,311.4866091546492
2026-04-03 16:39:50.412352,19.91796875,43.70923365889452,990.585821757253,311.5011428824935
2026-04-03 16:40:50.580403,19.72734375,44.09336893510728,990.5629996453106,311.9072696403976
2026-04-03 16:41:50.774232,19.567578125,44.49474352795996,990.5809667647652,311.3884263894253
2026-04-03 16:42:50.962483,19.428515625,44.62561550909589,990.614434919546,311.5822213526204
2026-04-03 16:43:51.164705,19.402734375,44.91860889866297,990.5676318730352,311.64799227333754
2026-04-03 16:44:51.347776,19.3564453125,44.76857080627332,990.6065109955648,311.28288270196987
2026-04-03 16:45:51.540023,19.325390625,44.8372348543277,990.616410109954,311.5687103611676
2026-04-03 16:46:51.714218,19.26875,44.3077620029017,990.5967946771966,311.31108620918747
2026-04-03 16:47:51.920990,19.2171875,45.31864901891723,990.5921775462724,311.31400136498365
2026-04-03 16:48:52.092630,19.1244140625,45.49597669048045,990.6022676835084,311.4182934765779
2026-04-03 16:49:52.300515,19.078125,46.83385867977711,990.5939974788804,311.36291877931154
2026-04-03 16:50:52.473873,19.05234375,47.4651602173978,990.6283677184632,311.26821926386646
2026-04-03 16:51:52.695726,19.00078125,47.12001484500737,990.5670900350118,311.6445837880647
2026-04-03 16:52:52.853324,18.918359375,47.60636637861793,990.662790071834,311.0734718300721
2026-04-03 16:53:53.052485,18.8822265625,47.370568156232416,990.6461251594384,310.8369158732276
2026-04-03 16:54:53.305224,18.8462890625,47.25506823688501,990.6358003456183,311.09145453597904
2026-04-03 16:55:53.511609,18.805078125,47.340467154112446,990.639281023058,311.3573367745579
2026-04-03 16:56:53.741684,18.7689453125,47.76450451054127,990.6108459209312,311.5182985017557
2026-04-03 16:57:53.921883,18.7431640625,47.44844762425584,990.5937932390376,311.5033596253176
2026-04-03 16:58:54.131964,18.7173828125,47.424872017161306,990.5525203599312,311.9089262823514
2026-04-03 16:59:54.307865,18.696875,47.86656898130162,990.4662796430962,312.44257194662345
2026-04-03 17:00:54.506396,18.696875,47.38444202665903,990.4142550244642,312.9538525614056
2026-04-03 17:01:54.697850,18.6814453125,47.53926593538552,990.4230210740908,313.1295694847944
2026-04-03 17:02:54.912883,18.6453125,47.49847789597185,990.4332022964056,313.25615815261705
2026-04-03 17:03:55.133115,18.6453125,47.69334666223764,990.4617171573004,312.73671322281695
2026-04-03 17:04:55.327722,18.640234375,47.71074165545444,990.5217963145586,312.5319067552049
2026-04-03 17:05:55.503215,18.6453125,47.80816823976144,990.4566799803376,312.86164970127913
2026-04-03 17:06:55.713211,18.624609375,47.75626195461871,990.4859578810898,312.58583947189635
2026-04-03 17:07:55.898090,18.6041015625,47.710003632434514,990.4859578810898,312.82413070660994
2026-04-03 17:08:56.153166,18.5833984375,47.73238992007868,990.5041545024698,312.45694323868787
2026-04-03 17:09:56.373261,18.5833984375,47.881704507651264,990.4789706345222,312.5989369583588
2026-04-03 17:10:56.564393,18.588671875,47.881704507651264,990.4735682593084,312.7724377376482
2026-04-03 17:11:56.772562,18.588671875,47.766899186264666,990.5377330174192,312.2186549207421
2026-04-03 17:12:56.968422,18.5783203125,47.514426262723376,990.5061980669516,312.4285447215635
2026-04-03 17:13:57.271959,18.562890625,47.58853900364499,990.4975263154652,312.2493510849651
2026-04-03 17:14:57.444713,18.5576171875,47.99593525323135,990.4736590463694,312.5617236349224
2026-04-03 17:15:57.642963,18.5421875,47.42202665152595,990.4908110510524,312.39110314974874
2026-04-03 17:16:57.846531,18.53203125,47.98981923175102,990.5284436064442,312.11232440613713
2026-04-03 17:17:58.035694,18.50625,47.880193575980826,990.5412787228614,312.2852823178254
2026-04-03 17:20:07.257296,18.485546875,48.04017854349032,990.5309180260076,311.97513382978394
2026-04-03 17:21:07.486486,18.5421875,47.00337357680835,990.5448954553448,312.0304422565396
2026-04-03 17:22:07.670348,18.59375,47.10157549188798,990.426585962448,313.08484072799905
2026-04-03 17:23:07.875437,18.6091796875,47.21674476721311,990.5266196560152,311.9976674429907
2026-04-03 17:24:08.049138,18.6556640625,46.758562388959305,990.54462660073,311.9900663237144
2026-04-03 17:25:08.231874,18.7173828125,46.58703554741305,990.5760597085562,312.0051997756673
2026-04-03 17:26:08.420160,18.7173828125,46.10497141428469,990.5092594699942,312.4312511770306
2026-04-03 17:27:08.649249,18.7328125,46.07074849279531,990.4897068754138,312.46883543914043
2026-04-03 17:28:08.834550,18.7328125,45.77237143015392,990.485976973277,312.3838860730884
2026-04-03 17:29:09.020764,18.7689453125,45.58331504566417,990.4126782801897,312.9215191075059
2026-04-03 17:30:09.207923,18.779296875,45.526095423205824,990.4559689073176,312.7400404139097
2026-04-03 17:31:09.424784,18.805078125,45.15314828307917,990.4713313096332,312.6211763721239
2026-04-03 17:32:09.590966,18.8205078125,45.25071450801165,990.4982032169924,312.4649300366148
2026-04-03 17:33:09.764655,18.8462890625,44.78005737586199,990.495774377756,312.29562349162774
2026-04-03 17:34:09.945947,18.8513671875,44.98695465862566,990.5320399071666,311.8868761577168
2026-04-03 17:35:10.125142,18.86171875,44.619501163096615,990.545101560266,312.0034169657451
2026-04-03 17:36:10.310722,18.8513671875,44.53333140040182,990.5598755657296,311.8474497941868
2026-04-03 17:37:10.482198,18.8771484375,44.3784326938395,990.5460630037694,311.93587032859057
2026-04-03 17:38:10.664137,18.8771484375,44.31533696591809,990.5436641547452,311.74601105254544
2026-04-03 17:39:10.853598,18.8720703125,44.36109113262073,990.566218760019,311.52683697451533
2026-04-03 17:40:11.048808,18.8822265625,44.32677647700442,990.6081774029672,311.0073653182194
2026-04-03 17:41:11.298173,18.892578125,44.19478122885496,990.6003977084306,311.5016184308164
2026-04-03 17:42:11.494976,18.9029296875,43.913223847339296,990.5916227187596,311.6639789127309
2026-04-03 17:43:11.679466,18.918359375,44.11453825300964,990.5878863213028,311.3859841224815
2026-04-03 17:44:11.849464,18.9337890625,43.6778401810736,990.5589864787792,311.6445961381581
2026-04-03 17:45:12.031602,18.9337890625,43.827352913704445,990.5881229433268,311.71562522344834
2026-04-03 17:46:12.213964,18.944140625,43.7987556932052,990.5935065319252,311.7646697901323
2026-04-03 17:47:12.394708,18.9287109375,43.70653101535521,990.5481854060848,311.7727443591237
2026-04-03 17:48:12.575385,18.9236328125,43.74675925193949,990.5522673501972,311.7869504264599
2026-04-03 17:49:12.762793,18.9390625,43.36760842862832,990.5448257612672,311.8863934275464
2026-04-03 17:50:12.952300,18.9236328125,43.62598478687286,990.5431459389632,312.1133968412849
2026-04-03 17:51:13.134464,18.9287109375,43.465193087786446,990.5502093881736,312.0710757461644
2026-04-03 17:52:13.310974,18.91328125,43.41342524362895,990.6043406258544,311.4001894442121
2026-04-03 17:53:13.523259,18.9236328125,43.4939299568132,990.6493516743471,311.23263676960124
2026-04-03 17:54:13.680931,18.9390625,43.16068265331937,990.6271371394956,311.3213663704853
2026-04-03 17:55:13.886196,18.9236328125,43.41342524362895,990.645992075672,311.1619013595805
2026-04-03 17:56:14.042075,18.9236328125,43.22950286946479,990.6060204100548,311.4599227297419
2026-04-03 17:57:14.219448,18.9337890625,43.21824192458597,990.6482539355908,311.0999037725525
2026-04-03 17:58:14.402634,18.94921875,43.28713878641858,990.691896884118,310.36734510654543
2026-04-03 17:59:14.583327,18.944140625,43.22399007030514,990.6952566501956,310.81579518271934
2026-04-03 18:00:14.759214,18.9287109375,43.06863644270052,990.6724924601872,310.795479586411
2026-04-03 18:01:14.941827,18.918359375,43.200764102036224,990.6493516743471,310.7925713974564
2026-04-03 18:02:15.119215,18.9337890625,42.99958594597366,990.6577173187586,310.9911507428376
2026-04-03 18:03:15.296563,18.9390625,43.04000667798608,990.6586767635694,310.84420570121574
2026-04-03 18:04:15.585929,18.9544921875,42.90211390184541,990.694569437918,310.7905895318846
2026-04-03 18:05:15.766281,18.96484375,42.70668472010297,990.7130484502812,310.60883261596643
2026-04-03 18:06:15.954681,18.944140625,42.867621228415246,990.7356071277678,310.29021423778363
2026-04-04 12:45:04.384582,18.5732421875,42.69839134678097,996.5408726305568,261.6569785953636
2026-04-04 12:46:04.575817,18.5833984375,42.33652584695567,996.4952694098844,261.5486274716634
2026-04-04 12:47:04.766959,18.5833984375,42.74441131691776,996.5154415613794,261.6758157738834
2026-04-04 12:48:04.938355,18.5833984375,42.43995985376238,996.4751196622632,262.02667768711194
2026-04-04 12:49:05.190112,18.5833984375,42.34804463662879,996.4815685917696,262.19644502178187
2026-04-04 12:50:05.351707,18.5783203125,42.27910659811564,996.4700822269236,262.0833850035498
2026-04-04 12:51:05.558167,18.588671875,42.47445939651467,996.46504479221,261.81713788593225
2026-04-04 12:52:05.825616,18.598828125,42.23328923613125,996.491375695028,261.7087945711331
2026-04-04 12:53:06.029477,18.588671875,42.38263428340404,996.4815685917696,262.0432571543877
2026-04-04 12:54:06.207685,18.5833984375,42.19873340563144,996.4751196622632,261.9137972199922
2026-04-04 12:55:06.396074,18.6041015625,42.06669827540324,996.5056400159668,261.8499459886897
2026-04-04 12:56:06.583372,18.6041015625,42.33095807351356,996.480720185332,261.7086188532136
2026-04-04 12:57:06.764814,18.6091796875,42.3941242444445,996.4639279214626,261.9064773664537
2026-04-04 12:58:06.949508,18.6041015625,42.01493509128267,996.4544333025342,262.0172646238947
2026-04-04 12:59:07.175122,18.624609375,42.17020121302711,996.4670382762674,262.2223122835059
2026-04-04 13:00:07.321184,18.6041015625,42.10683708204225,996.4141325491308,262.46724368509706
2026-04-04 13:01:07.522850,18.6041015625,41.77940330945149,996.4488360695306,262.0078592929784
2026-04-04 13:02:07.717658,18.624609375,42.26210157828192,996.4334321138266,262.63219236930973
2026-04-04 13:03:07.920842,18.614453125,41.95752903849184,996.4337229186106,262.3071137694407
2026-04-04 13:04:08.094560,18.624609375,41.93457010199885,996.4068342763547,262.5189541930492
2026-04-04 13:05:08.305578,18.6298828125,41.95752903849184,996.423647487795,262.4201834646529
2026-04-04 13:06:08.477888,18.6041015625,42.03219752893317,996.4703756755916,262.16332483844644
2026-04-04 13:07:08.672001,18.6041015625,42.16434484347136,996.390042043102,262.6698480349818
2026-04-04 13:08:08.857835,18.614453125,41.92305381678036,996.3833457895842,262.7403499433622
2026-04-04 13:09:09.088676,18.6349609375,41.98066430236513,996.3408016613196,263.07265852849514
2026-04-04 13:10:09.259155,18.624609375,42.10125230515296,996.3676700777526,262.75002227946874
2026-04-04 13:11:09.495434,18.640234375,41.75657734609877,996.3606811573944,263.0042880457884
2026-04-04 13:12:09.708235,18.6041015625,42.65267093308777,996.3645828385884,262.82515419125525
2026-04-04 13:13:09.916651,18.56796875,43.13495006992649,996.3382803770894,263.251702087764
2026-04-04 13:14:10.124948,18.53203125,43.39301494428086,996.367628095798,262.8913769230331
2026-04-04 13:15:10.302555,18.5216796875,43.97284458581508,996.3189369815632,263.35548988889406
2026-04-04 13:16:10.486728,18.4751953125,44.20786474105699,996.3024267414232,263.2731538020965
2026-04-04 13:17:10.674835,18.459765625,44.5980189331636,996.2914945089324,263.17656391861675
2026-04-04 13:18:10.874888,18.4392578125,45.16019183193925,996.3289801199776,263.1577655828107
2026-04-04 13:19:11.053421,18.4185546875,45.148338972643,996.384904052325,262.800056057723
2026-04-04 13:20:11.245639,18.372265625,45.69291389853843,996.3345100014528,263.07115843053344
2026-04-04 13:21:11.426948,18.3568359375,45.85905299882468,996.349591582753,263.34932285172306
2026-04-04 13:22:11.641655,18.3619140625,45.8762610822313,996.3565918266362,262.8969904321653
2026-04-04 13:23:11.827567,18.3412109375,46.01348472482137,996.3235669374836,263.3164461749749
2026-04-04 13:24:12.011469,18.32578125,45.72069015418451,996.3022658508144,263.3259643637504
2026-04-04 13:25:12.233617,18.3052734375,45.91569518175195,996.2683661608417,263.516747683775
2026-04-04 13:26:12.389670,18.2845703125,46.08745149752783,996.283471309816,263.30023683959126
2026-04-04 13:27:12.585031,18.2845703125,45.97275519357427,996.3285294002452,263.46976854077747
2026-04-04 13:28:12.774644,18.2794921875,46.13303177413161,996.3022178179044,263.6773163288198
2026-04-04 13:29:12.974810,18.2640625,46.144423925981535,996.3156171389531,263.4512776095491
2026-04-04 13:30:13.159126,18.2640625,46.21316012614407,996.2792357353828,263.4467028290176
2026-04-04 13:31:13.344878,18.2486328125,46.33326452104056,996.2814546930832,263.2491559754439
2026-04-04 13:32:13.659281,18.23828125,46.12111349803981,996.278354221218,263.2067764269425
2026-04-04 13:33:13.771383,18.2330078125,46.42484435179043,996.2848111763768,263.50103938321314
2026-04-04 13:34:13.959613,18.23828125,46.516576611831226,996.2733195789729,263.5999271942697
